{
    "regression_model_evaluation": {
        "MAE": 2.873683941598032,
        "MAPE": 13.392840859817245,
        "RMSE": 4.771488621509836,
        "R2": 21.839984988718417
    }
}