{"MSE": 15.706887189079733, "MAE": 2.5012147426605225, "KL_div": 0.13343211460235188}