RMSE（Root Mean Square Error）,0.5510081199612671
MAE（Mean Absolute Error）,0.44680696725845337
MSE（Mean Squared Error）,0.3036099970340729
